"country","year","con_deaths","con_onset","regime_type","gdp_per_capita","hdi","unemp_rate","Successful_Attacks","Unsuccessful_Attacks","onset","prior_onset","num_of_attacks","first_attack"
"angola",2000,1202,"1","0",4728.3745,0.38,16.562,22,0,1,1,22,1
"angola",2001,2156,"1","0",4768.009,0.39,16.597,39,1,1,1,40,0
"angola",2002,537,"1","0",5241.821,0.406,16.317,6,0,1,1,6,0
"angola",2003,59,"1","0",5217.3906,0.424,16.34,0,0,0,1,0,0
"angola",2004,23,"0","0",5589.238,0.437,16.187,0,0,0,1,0,0
"angola",2005,0,"0","0",6204.589,0.451,16.173,0,0,0,1,0,0
"angola",2006,0,"0","0",6677.0195,0.463,15.969,0,0,0,1,0,0
"angola",2007,25,"1","0",7340.3887,0.48,15.905,0,0,0,1,0,0
"angola",2008,0,"0","0",7866.1846,0.492,16.013,0,0,0,1,0,0
"angola",2009,25,"1","0",7646.1445,0.506,16.298,1,0,1,1,1,0
"angola",2010,0,"0","1",7689.821,0.516,16.551,2,0,1,1,2,0
"angola",2011,0,"0","1",7663.286,0.533,16.77,0,0,0,1,0,0
"angola",2012,0,"0","1",8011.0503,0.545,16.495,0,0,0,1,0,0
"angola",2013,0,"0","1",8099.6787,0.555,16.423,0,0,0,1,0,0
"angola",2014,0,"0","1",8183.1646,0.565,16.317,0,0,0,1,0,0
"angola",2015,0,"0","1",7966.8857,0.591,16.448,0,0,0,1,0,0
"angola",2016,23,"0","1",7487.9253,0.595,16.577,1,1,2,1,2,0
"angola",2017,22,"0","1",7216.0615,0.597,16.639,6,0,1,1,6,0
"angola",2018,0,"0","1",6878.59,0.598,16.626,0,0,0,1,0,0
"angola",2019,25,"1","1",6602.269,0.597,16.5,1,0,1,1,1,0
"angola",2020,21,"0","1",6029.692,0.594,16.698,1,0,1,1,1,0
"benin",2000,0,"0","2",2431.4456,0.412,0.868,0,0,0,1,0,0
"benin",2001,0,"0","2",2485.1165,0.423,0.763,0,0,0,1,0,0
"benin",2002,0,"0","2",2523.6099,0.431,0.69,0,0,0,1,0,0
"benin",2003,0,"0","2",2532.9983,0.438,0.752,0,0,0,1,0,0
"benin",2004,0,"0","2",2566.3455,0.444,0.796,0,0,0,1,0,0
"benin",2005,0,"0","2",2528.6763,0.45,0.877,0,0,0,1,0,0
"benin",2006,0,"0","2",2549.1943,0.456,0.898,0,0,0,1,0,0
"benin",2007,0,"0","2",2625.2126,0.464,0.9,1,0,1,1,1,1
"benin",2008,0,"0","2",2673.7693,0.47,0.872,0,0,0,1,0,0
"benin",2009,0,"0","2",2656.4314,0.475,0.93,0,0,0,1,0,0
"benin",2010,0,"0","2",2634.1345,0.481,1.04,0,0,0,1,0,0
"benin",2011,0,"0","2",2633.939,0.486,2.65,0,0,0,1,0,0
"benin",2012,0,"0","2",2681.3516,0.494,2.392,0,0,0,1,0,0
"benin",2013,0,"0","2",2792.027,0.503,2.044,0,0,0,1,0,0
"benin",2014,0,"0","2",2883.899,0.506,1.808,0,0,0,1,0,0
"benin",2015,0,"0","2",2849.8203,0.509,1.811,0,0,0,1,0,0
"benin",2016,0,"0","2",2859.3916,0.508,1.843,0,0,0,1,0,0
"benin",2017,0,"0","2",2933.8374,0.505,1.749,0,0,0,1,0,0
"benin",2018,0,"0","2",3040.1672,0.506,1.47,0,0,0,1,0,0
"benin",2019,1,"0","1",3156.4387,0.506,1.372,1,0,1,1,1,0
"benin",2020,0,"0","1",3186.486,0.501,1.616,1,0,1,1,1,0
"botswana",2000,0,"0","3",11461.936,0.581,15.88,0,0,0,1,0,0
"botswana",2001,0,"0","3",11262.758,0.581,18.54,0,0,0,1,0,0
"botswana",2002,0,"0","3",11725.412,0.579,21.308,0,0,0,1,0,0
"botswana",2003,0,"0","3",12054.723,0.585,23.8,0,0,0,1,0,0
"botswana",2004,0,"0","3",12166.314,0.591,21.739,0,0,0,1,0,0
"botswana",2005,0,"0","3",12494.06,0.601,19.865,0,0,0,1,0,0
"botswana",2006,0,"0","3",13287.059,0.615,17.78,0,0,0,1,0,0
"botswana",2007,0,"0","3",13783.206,0.629,16.901,0,0,0,1,0,0
"botswana",2008,0,"0","3",13945.424,0.637,16.18,0,0,0,1,0,0
"botswana",2009,0,"0","3",11729.418,0.639,16.17,0,0,0,1,0,0
"botswana",2010,0,"0","3",12653.212,0.652,17.86,0,0,0,1,0,0
"botswana",2011,0,"0","3",13250.085,0.66,18.039,0,0,0,1,0,0
"botswana",2012,0,"0","3",12975.785,0.664,17.803,0,0,0,1,0,0
"botswana",2013,0,"0","3",14144.341,0.676,18.059,0,0,0,1,0,0
"botswana",2014,0,"0","3",14664.785,0.683,18.397,0,0,0,1,0,0
"botswana",2015,0,"0","3",13682.2,0.688,18.878,0,0,0,1,0,0
"botswana",2016,0,"0","3",14373.339,0.697,19.336,0,0,0,1,0,0
"botswana",2017,0,"0","3",14656.773,0.705,19.702,0,0,0,1,0,0
"botswana",2018,0,"0","3",14961.831,0.7,19.618,0,0,0,1,0,0
"botswana",2019,0,"0","3",15117.685,0.703,20.09,0,0,0,1,0,0
"botswana",2020,0,"0","3",13545.048,0.701,21.02,0,0,0,1,0,0
"burkina faso",2000,0,"0","2",1266.7449,0.296,2.721,0,0,0,0,0,0
"burkina faso",2001,0,"0","2",1310.0723,0.299,2.78,0,0,0,0,0,0
"burkina faso",2002,0,"0","2",1325.7034,0.302,2.91,0,0,0,0,0,0
"burkina faso",2003,0,"0","2",1385.4551,0.308,2.78,0,0,0,0,0,0
"burkina faso",2004,0,"0","2",1402.7844,0.317,3.508,0,0,0,0,0,0
"burkina faso",2005,0,"0","2",1477.0398,0.327,4,0,0,0,0,0,0
"burkina faso",2006,0,"0","2",1521.1544,0.335,3.676,0,0,0,0,0,0
"burkina faso",2007,0,"0","2",1536.3859,0.339,3.3,0,0,0,0,0,0
"burkina faso",2008,0,"0","2",1578.3458,0.352,3.525,0,0,0,0,0,0
"burkina faso",2009,0,"0","2",1578.1489,0.362,3.779,0,0,0,0,0,0
"burkina faso",2010,0,"0","2",1661.8721,0.372,3.741,0,0,0,0,0,0
"burkina faso",2011,0,"0","2",1720.0825,0.383,3.836,0,0,0,0,0,0
"burkina faso",2012,0,"0","2",1776.391,0.393,3.825,0,0,0,0,0,0
"burkina faso",2013,0,"0","2",1823.595,0.399,4.054,0,1,2,0,1,0
"burkina faso",2014,0,"0","2",1846.6451,0.403,4.28,0,0,0,0,0,0
"burkina faso",2015,0,"0","1",1862.8547,0.413,4.526,6,0,1,0,6,1
"burkina faso",2016,25,"1","2",1916.7563,0.422,4.651,10,0,1,0,10,0
"burkina faso",2017,34,"1","2",1978.155,0.432,4.691,27,5,1,0,32,0
"burkina faso",2018,171,"1","2",2051.2185,0.443,4.69,67,5,1,0,72,0
"burkina faso",2019,1245,"1","2",2106.0361,0.446,4.708,150,11,1,0,161,0
"burkina faso",2020,1131,"1","2",2089.5679,0.446,5.148,99,11,1,0,110,0
"burundi",2000,2377,"1","0",837.3484,0.298,3.285,17,0,1,1,17,1
"burundi",2001,1614,"1","0",833.6709,0.301,3.239,36,1,1,1,37,0
"burundi",2002,1924,"1","0",846.7473,0.314,3.202,18,0,1,1,18,0
"burundi",2003,1282,"1","0",810.5523,0.322,3.281,18,0,1,1,18,0
"burundi",2004,710,"1","0",818.7461,0.333,3.19,1,0,1,1,1,0
"burundi",2005,483,"1","1",796.1087,0.342,3.244,5,0,1,1,5,0
"burundi",2006,251,"1","1",809.696,0.365,3.18,5,0,1,1,5,0
"burundi",2007,52,"1","1",807.4475,0.377,2.424,3,0,1,1,3,0
"burundi",2008,226,"1","1",812.59216,0.39,1.63,6,1,1,1,7,0
"burundi",2009,0,"0","1",801.8034,0.397,1.625,0,0,0,1,0,0
"burundi",2010,0,"0","1",804.3549,0.404,1.604,28,1,1,1,29,0
"burundi",2011,0,"0","1",807.665,0.408,1.602,8,0,1,1,8,0
"burundi",2012,0,"0","1",814.3208,0.412,1.589,4,0,1,1,4,0
"burundi",2013,0,"0","1",824.61053,0.416,1.575,2,0,1,1,2,0
"burundi",2014,56,"1","1",831.29486,0.419,1.57,5,0,1,1,5,0
"burundi",2015,265,"1","1",781.5793,0.42,1.517,95,7,1,1,102,0
"burundi",2016,84,"1","1",764.3366,0.423,1.383,75,8,1,1,83,0
"burundi",2017,38,"1","1",750.7876,0.422,1.263,20,1,1,1,21,0
"burundi",2018,109,"1","1",740.44824,0.421,1.143,10,0,1,1,10,0
"burundi",2019,75,"1","1",729.65845,0.423,1.027,5,1,1,1,6,0
"burundi",2020,127,"1","1",711.3553,0.419,1.03,7,0,1,1,7,0
"cameroon",2000,0,"0","1",2937.992,0.426,7.516,0,0,0,1,0,0
"cameroon",2001,0,"0","1",2985.578,0.445,7.46,0,0,0,1,0,0
"cameroon",2002,0,"0","1",3036.7678,0.445,6.715,0,0,0,1,0,0
"cameroon",2003,0,"0","1",3116.1528,0.452,5.898,0,0,0,1,0,0
"cameroon",2004,0,"0","1",3245.4958,0.458,5.058,0,0,0,1,0,0
"cameroon",2005,0,"0","1",3228.361,0.459,4.4,0,0,0,1,0,0
"cameroon",2006,0,"0","1",3261.4517,0.46,3.727,0,0,0,1,0,0
"cameroon",2007,0,"0","1",3309.2822,0.472,3.06,1,0,1,1,1,1
"cameroon",2008,0,"0","1",3308.3198,0.487,3.373,1,0,1,1,1,0
"cameroon",2009,0,"0","1",3298.4075,0.502,3.735,1,0,1,1,1,0
"cameroon",2010,0,"0","1",3298.6245,0.515,4.11,3,0,1,1,3,0
"cameroon",2011,0,"0","1",3314.8982,0.524,3.996,3,0,1,1,3,0
"cameroon",2012,1,"0","1",3371.9756,0.535,3.84,0,0,0,1,0,0
"cameroon",2013,52,"1","1",3442.2007,0.544,3.687,3,0,1,1,3,0
"cameroon",2014,1378,"1","1",3530.2832,0.553,3.53,67,2,1,1,69,0
"cameroon",2015,1856,"1","1",3614.7556,0.562,3.507,79,4,1,1,83,0
"cameroon",2016,501,"1","1",3667.3228,0.566,3.522,48,10,1,1,58,0
"cameroon",2017,374,"1","1",3691.0947,0.574,3.583,103,8,1,1,111,0
"cameroon",2018,945,"1","1",3732.5012,0.581,3.632,211,25,1,1,236,0
"cameroon",2019,833,"1","1",3756.5095,0.586,3.665,137,9,1,1,146,0
"cameroon",2020,781,"1","1",3665.5105,0.585,3.994,136,9,1,1,145,0
"chad",2000,844,"1","1",907.8335,0.292,0.782,0,0,0,1,0,0
"chad",2001,230,"1","1",980.4698,0.302,0.772,0,0,0,1,0,0
"chad",2002,297,"1","1",1027.67,0.309,0.742,3,1,1,1,4,1
"chad",2003,224,"1","1",1133.0654,0.309,0.691,0,0,0,1,0,0
"chad",2004,221,"1","1",1448.41,0.327,0.637,0,0,0,1,0,0
"chad",2005,265,"1","1",1632.9542,0.329,0.63,0,0,0,1,0,0
"chad",2006,1654,"1","1",1586.3641,0.328,0.671,11,0,1,1,11,0
"chad",2007,280,"1","1",1583.7002,0.339,0.796,6,1,1,1,7,0
"chad",2008,991,"1","1",1576.7651,0.343,0.885,7,1,1,1,8,0
"chad",2009,135,"1","1",1586.4545,0.357,0.878,3,0,1,1,3,0
"chad",2010,4,"0","1",1741.054,0.364,0.836,1,0,1,1,1,0
"chad",2011,0,"0","1",1682.6577,0.373,0.864,0,0,0,1,0,0
"chad",2012,0,"0","1",1769.325,0.381,0.852,0,0,0,1,0,0
"chad",2013,0,"0","1",1804.8231,0.385,0.908,0,0,0,1,0,0
"chad",2014,6,"0","1",1861.6929,0.392,0.883,1,0,1,1,1,0
"chad",2015,389,"1","1",1853.2594,0.388,0.931,27,0,1,1,27,0
"chad",2016,2,"0","1",1683.4781,0.388,1.022,4,1,1,1,5,0
"chad",2017,88,"1","1",1579.7606,0.389,1.111,6,0,1,1,6,0
"chad",2018,168,"1","1",1563.544,0.393,1.13,12,0,1,1,12,0
"chad",2019,258,"1","1",1561.9967,0.398,1.057,14,0,1,1,14,0
"chad",2020,249,"1","1",1489.1868,0.396,1.684,15,0,1,1,15,0
"comoros",2000,0,"0","0",2863.1519,0.458,4.34,0,0,0,1,0,0
"comoros",2001,0,"0","0",2871.1968,0.466,4.307,0,0,0,1,0,0
"comoros",2003,0,"0","1",2881.9607,0.478,4.562,0,0,0,1,0,0
"comoros",2004,0,"0","1",2881.5667,0.484,4.57,0,0,0,1,0,0
"comoros",2005,0,"0","1",2905.6892,0.491,4.583,0,0,0,1,0,0
"comoros",2006,0,"0","1",2923.5322,0.497,4.595,0,0,0,1,0,0
"comoros",2007,0,"0","1",2888.4465,0.503,4.662,0,0,0,1,0,0
"comoros",2008,0,"0","1",2942.991,0.51,4.655,0,0,0,1,0,0
"comoros",2009,0,"0","1",2976.7795,0.517,4.666,0,0,0,1,0,0
"comoros",2010,0,"0","1",3025.5173,0.524,4.599,0,0,0,1,0,0
"comoros",2011,0,"0","1",3084.8267,0.532,4.624,0,0,0,1,0,0
"comoros",2012,0,"0","1",3115.238,0.538,4.657,0,0,0,1,0,0
"comoros",2013,0,"0","2",3185.3196,0.546,4.665,0,0,0,1,0,0
"comoros",2014,0,"0","2",3183.157,0.551,4.764,0,0,0,1,0,0
"comoros",2015,0,"0","1",3150.8777,0.556,4.865,0,0,0,1,0,0
"comoros",2016,0,"0","1",3185.6296,0.563,4.937,0,0,0,1,0,0
"comoros",2017,0,"0","1",3240.1792,0.571,4.91,0,0,0,1,0,0
"comoros",2018,0,"0","1",3294.832,0.578,4.857,1,1,2,1,2,0
"comoros",2019,0,"0","1",3290.6506,0.584,4.944,1,0,1,1,1,1
"comoros",2020,0,"0","1",3222.374,0.588,5.776,0,0,0,1,0,0
"ivory coast",2000,132,"1","1",4123.842,0.454,4.948,2,0,1,1,2,1
"ivory coast",2001,0,"0","1",3930.7078,0.453,5.369,0,1,2,1,1,0
"ivory coast",2002,1041,"1","1",3728.5874,0.451,5.726,1,0,1,1,1,0
"ivory coast",2003,483,"1","1",3467.5618,0.45,6.119,0,0,0,1,0,0
"ivory coast",2004,303,"1","1",3495.3403,0.451,6.128,1,0,1,1,1,0
"ivory coast",2005,128,"1","1",3451.0103,0.453,6.193,1,0,1,1,1,0
"ivory coast",2006,0,"0","1",3470.6335,0.455,6.103,3,0,1,1,3,0
"ivory coast",2007,0,"0","1",3433.8513,0.458,6.388,1,0,1,1,1,0
"ivory coast",2008,0,"0","1",3522.234,0.461,6.435,0,0,0,1,0,0
"ivory coast",2009,0,"0","1",3572.6816,0.465,6.601,0,0,0,1,0,0
"ivory coast",2010,44,"1","1",3737.4006,0.47,6.558,7,0,1,1,7,0
"ivory coast",2011,1234,"1","1",3464.047,0.468,7.199,3,0,1,1,3,0
"ivory coast",2012,0,"0","1",3652.1768,0.474,7.22,15,1,1,1,16,0
"ivory coast",2013,0,"0","1",3962.6045,0.48,4.25,4,0,1,1,4,0
"ivory coast",2014,0,"0","1",4234.7905,0.499,3.206,1,0,1,1,1,0
"ivory coast",2015,0,"0","1",4423.8267,0.501,2.537,4,0,1,1,4,0
"ivory coast",2016,49,"1","2",4620.349,0.506,1.9,1,0,1,1,1,0
"ivory coast",2017,0,"0","2",4836.0483,0.515,3.27,8,5,1,1,13,0
"ivory coast",2018,0,"0","2",4941.794,0.522,2.831,0,2,2,1,2,0
"ivory coast",2019,0,"0","2",5132.342,0.529,2.4,0,1,2,1,1,0
"ivory coast",2020,0,"0","1",5092.1636,0.53,2.636,3,1,1,1,4,0
"democratic republic of the congo",2000,2968,"1","0",728.2072,0.376,3.356,3,0,1,1,3,1
"democratic republic of the congo",2001,1616,"1","0",691.70917,0.373,3.366,5,0,1,1,5,0
"democratic republic of the congo",2002,8012,"1","0",690.6596,0.376,3.265,7,0,1,1,7,0
"democratic republic of the congo",2003,4263,"1","0",708.02875,0.382,3.098,6,0,1,1,6,0
"democratic republic of the congo",2004,661,"1","0",733.5419,0.388,2.987,5,0,1,1,5,0
"democratic republic of the congo",2005,289,"1","0",754.6644,0.392,2.95,5,0,1,1,5,0
"democratic republic of the congo",2006,323,"1","1",769.88715,0.397,3.179,5,0,1,1,5,0
"democratic republic of the congo",2007,817,"1","1",792.19086,0.401,3.412,11,0,1,1,11,0
"democratic republic of the congo",2008,1697,"1","1",815.01184,0.41,3.638,19,1,1,1,20,0
"democratic republic of the congo",2009,5285,"1","1",811.92737,0.416,3.906,53,1,1,1,54,0
"democratic republic of the congo",2010,1063,"1","1",841.85626,0.424,4.122,18,0,1,1,18,0
"democratic republic of the congo",2011,459,"1","1",870.0738,0.432,4.34,13,3,1,1,16,0
"democratic republic of the congo",2012,1630,"1","1",900.979,0.434,4.49,24,1,1,1,25,0
"democratic republic of the congo",2013,3100,"1","1",944.64026,0.44,4.469,22,0,1,1,22,0
"democratic republic of the congo",2014,1948,"1","1",999.07214,0.45,4.427,107,3,1,1,110,0
"democratic republic of the congo",2015,759,"1","1",1032.5719,0.457,4.435,136,7,1,1,143,0
"democratic republic of the congo",2016,2142,"1","1",1021.3272,0.466,4.556,146,23,1,1,169,0
"democratic republic of the congo",2017,5807,"1","1",1023.53986,0.469,4.675,125,18,1,1,143,0
"democratic republic of the congo",2018,2955,"1","1",1048.2465,0.474,4.703,152,11,1,1,163,0
"democratic republic of the congo",2019,2385,"1","1",1059.8921,0.476,4.67,224,26,1,1,250,0
"democratic republic of the congo",2020,3841,"1","1",1044.0712,0.477,5.489,286,24,1,1,310,0
"equatorial guinea",2000,0,"0","1",9890.817,0.511,8.115,0,0,0,0,0,0
"equatorial guinea",2001,0,"0","1",15389.156,0.524,8.237,0,0,0,0,0,0
"equatorial guinea",2002,0,"0","1",17534.848,0.539,8.316,0,0,0,0,0,0
"equatorial guinea",2003,0,"0","1",19081.926,0.545,8.348,0,0,0,0,0,0
"equatorial guinea",2004,0,"0","1",25164.152,0.556,8.253,0,0,0,0,0,0
"equatorial guinea",2005,0,"0","1",28075.178,0.57,8.214,0,0,0,0,0,0
"equatorial guinea",2006,0,"0","1",28879.352,0.587,8.124,0,0,0,0,0,0
"equatorial guinea",2007,0,"0","1",31770.016,0.599,8.071,0,0,0,0,0,0
"equatorial guinea",2008,0,"0","1",35688.65,0.606,8.04,0,0,0,0,0,0
"equatorial guinea",2009,0,"0","1",34479.895,0.613,8.211,1,0,1,0,1,1
"equatorial guinea",2010,0,"0","1",29944.262,0.609,8.394,0,0,0,0,0,0
"equatorial guinea",2011,0,"0","1",30502.6,0.618,8.339,0,0,0,0,0,0
"equatorial guinea",2012,0,"0","1",31680.66,0.628,8.186,0,0,0,0,0,0
"equatorial guinea",2013,0,"0","1",29143.021,0.633,8.093,0,0,0,0,0,0
"equatorial guinea",2014,0,"0","1",28106.2,0.639,8.07,0,0,0,0,0,0
"equatorial guinea",2015,0,"0","1",24563.5,0.648,8.185,0,0,0,0,0,0
"equatorial guinea",2016,0,"0","1",21566.057,0.65,8.257,0,0,0,0,0,0
"equatorial guinea",2017,0,"0","1",19617.844,0.65,8.334,0,0,0,0,0,0
"equatorial guinea",2018,0,"0","1",17764.969,0.652,8.244,0,0,0,0,0,0
"equatorial guinea",2019,0,"0","1",16240.37,0.653,8.327,0,0,0,0,0,0
"equatorial guinea",2020,0,"0","1",15045.528,0.65,9.034,0,0,0,0,0,0
"swaziland",2000,0,"0","0",5443.4395,0.465,24.616,0,0,0,1,0,0
"swaziland",2001,0,"0","0",5443.279,0.456,25.334,0,0,0,1,0,0
"swaziland",2002,0,"0","0",5630.804,0.444,25.855,0,0,0,1,0,0
"swaziland",2003,0,"0","0",5805.1616,0.438,26.323,1,0,1,1,1,1
"swaziland",2004,0,"0","0",5976.212,0.436,26.754,0,0,0,1,0,0
"swaziland",2005,0,"0","0",6298.5312,0.439,27.246,0,0,0,1,0,0
"swaziland",2006,0,"0","0",6639.7183,0.454,27.698,1,0,1,1,1,0
"swaziland",2007,0,"0","0",6894.0874,0.464,28.24,0,0,0,1,0,0
"swaziland",2008,0,"0","0",6913.3486,0.473,27.919,3,0,1,1,3,0
"swaziland",2009,0,"0","0",6989.378,0.481,27.533,0,0,0,1,0,0
"swaziland",2010,0,"0","0",7221.336,0.498,26.869,0,0,0,1,0,0
"swaziland",2011,0,"0","0",7347.2046,0.514,26.061,0,0,0,1,0,0
"swaziland",2012,0,"0","0",7701.394,0.53,25.099,0,0,0,1,0,0
"swaziland",2013,0,"0","0",7949.588,0.546,24.393,0,0,0,1,0,0
"swaziland",2014,0,"0","0",7969.2075,0.56,23.774,0,0,0,1,0,0
"swaziland",2015,0,"0","0",8088.7344,0.577,23.263,0,0,0,1,0,0
"swaziland",2016,0,"0","0",8113.2397,0.59,22.72,0,0,0,1,0,0
"swaziland",2017,0,"0","0",8213.921,0.601,22.65,0,0,0,1,0,0
"swaziland",2018,0,"0","0",8343.923,0.613,22.637,0,0,0,1,0,0
"swaziland",2019,0,"0","0",8501.267,0.623,22.535,0,0,0,1,0,0
"swaziland",2020,0,"0","0",8290.409,0.622,24.769,0,0,0,1,0,0
"ethiopia",2000,442,"1","1",719.00446,0.286,3.495,1,0,1,1,1,1
"ethiopia",2001,370,"1","1",756.2726,0.299,3.126,0,0,0,1,0,0
"ethiopia",2002,801,"1","1",745.5378,0.305,3.045,3,0,1,1,3,0
"ethiopia",2003,1064,"1","1",708.53265,0.31,3.038,1,0,1,1,1,0
"ethiopia",2004,462,"1","1",781.9135,0.323,2.799,2,0,1,1,2,0
"ethiopia",2005,247,"1","1",849.84766,0.343,2.5,4,1,1,1,5,0
"ethiopia",2006,597,"1","1",915.67346,0.359,2.31,8,3,1,1,11,0
"ethiopia",2007,471,"1","1",991.8834,0.376,2.317,5,0,1,1,5,0
"ethiopia",2008,275,"1","1",1068.1381,0.391,2.311,8,0,1,1,8,0
"ethiopia",2009,834,"1","1",1130.0319,0.399,2.318,2,0,1,1,2,0
"ethiopia",2010,31,"1","1",1236.4794,0.409,2.285,2,0,1,1,2,0
"ethiopia",2011,57,"1","1",1336.0669,0.419,2.262,3,0,1,1,3,0
"ethiopia",2012,391,"1","1",1411.136,0.426,2.245,3,0,1,1,3,0
"ethiopia",2013,274,"1","1",1518.1438,0.437,2.25,4,1,1,1,5,0
"ethiopia",2014,26,"1","1",1629.1891,0.445,2.347,2,0,1,1,2,0
"ethiopia",2015,318,"1","1",1750.6727,0.455,2.409,7,0,1,1,7,0
"ethiopia",2016,570,"1","1",1864.4877,0.465,2.509,13,0,1,1,13,0
"ethiopia",2017,450,"1","1",1987.9688,0.472,2.605,27,1,1,1,28,0
"ethiopia",2018,672,"1","1",2067.4565,0.479,2.745,10,0,1,1,10,0
"ethiopia",2019,455,"1","1",2181.659,0.485,2.85,26,0,1,1,26,0
"ethiopia",2020,24350,"1","1",2253.2358,0.489,3.906,53,0,1,1,53,0
"gabon",2000,0,"0","1",15987.089,0.626,18.016,0,0,0,1,0,0
"gabon",2001,0,"0","1",15907.864,0.632,18.008,0,0,0,1,0,0
"gabon",2002,0,"0","1",15453.05,0.635,17.451,0,0,0,1,0,0
"gabon",2003,0,"0","1",15379.622,0.638,17.151,0,0,0,1,0,0
"gabon",2004,0,"0","1",15062.641,0.638,17.144,0,0,0,1,0,0
"gabon",2005,0,"0","1",15028.367,0.643,16.91,0,0,0,1,0,0
"gabon",2006,0,"0","1",14177.088,0.643,17.858,0,0,0,1,0,0
"gabon",2007,0,"0","1",14570.755,0.646,18.244,0,0,0,1,0,0
"gabon",2008,0,"0","1",13646.617,0.647,19.267,0,0,0,1,0,0
"gabon",2009,0,"0","1",13221.766,0.652,19.776,0,0,0,1,0,0
"gabon",2010,0,"0","1",13682.848,0.656,20.39,0,0,0,1,0,0
"gabon",2011,0,"0","1",14145.65,0.661,19.764,0,0,0,1,0,0
"gabon",2012,0,"0","1",14368,0.671,19.47,0,0,0,1,0,0
"gabon",2013,0,"0","1",14655.365,0.678,19.562,0,0,0,1,0,0
"gabon",2014,0,"0","1",14785.398,0.687,19.732,0,0,0,1,0,0
"gabon",2015,0,"0","1",14892.036,0.692,19.82,0,0,0,1,0,0
"gabon",2016,0,"0","1",14783.078,0.696,20.041,0,0,0,1,0,0
"gabon",2017,0,"0","1",14478.13,0.699,20.283,3,1,1,1,4,1
"gabon",2018,0,"0","1",14254.462,0.699,20.479,0,0,0,1,0,0
"gabon",2019,0,"0","1",14478.002,0.702,20.369,1,0,1,1,1,0
"gabon",2020,0,"0","1",13903.289,0.704,21.432,0,0,0,1,0,0
"gambia",2000,0,"0","1",2081.2224,0.392,9.519,1,0,1,0,1,1
"gambia",2001,0,"0","1",2139.5566,0.398,9.417,0,0,0,0,0,0
"gambia",2002,0,"0","1",2011.854,0.402,9.936,0,0,0,0,0,0
"gambia",2003,0,"0","1",2089.621,0.408,9.877,0,0,0,0,0,0
"gambia",2004,0,"0","1",2173.1594,0.419,9.821,0,0,0,0,0,0
"gambia",2005,8,"0","1",2060.5227,0.422,9.786,0,0,0,0,0,0
"gambia",2006,0,"0","1",1988.097,0.427,10.208,0,0,0,0,0,0
"gambia",2007,0,"0","1",1986.396,0.433,10.454,0,0,0,0,0,0
"gambia",2008,0,"0","1",2046.1343,0.442,9.975,0,0,0,0,0,0
"gambia",2009,0,"0","1",2115.6147,0.446,9.6,0,0,0,0,0,0
"gambia",2010,0,"0","1",2172.1938,0.449,9.464,0,0,0,0,0,0
"gambia",2011,0,"0","1",1934.7279,0.45,10.255,0,0,0,0,0,0
"gambia",2012,0,"0","1",1974.0941,0.457,10.35,0,0,0,0,0,0
"gambia",2013,0,"0","1",1969.777,0.461,9.526,0,0,0,0,0,0
"gambia",2014,0,"0","1",1885.1421,0.462,8.202,0,0,0,0,0,0
"gambia",2015,0,"0","1",1905.823,0.467,7.278,0,0,0,0,0,0
"gambia",2016,0,"0","1",1889.1381,0.472,6.331,0,0,0,0,0,0
"gambia",2017,0,"0","2",1927.0399,0.477,5.16,0,0,0,0,0,0
"gambia",2018,0,"0","2",2012.5908,0.483,4.13,0,0,0,0,0,0
"gambia",2019,0,"0","2",2083.309,0.492,4.037,0,0,0,0,0,0
"gambia",2020,0,"0","1",2042.6202,0.492,4.763,0,0,0,0,0,0
"ghana",2000,30,"1","2",2752.1648,0.5,10.46,0,0,0,1,0,0
"ghana",2001,50,"1","2",2787.1257,0.499,9.632,0,0,0,1,0,0
"ghana",2002,36,"1","2",2833.5884,0.506,8.732,0,0,0,1,0,0
"ghana",2003,0,"0","3",2901.108,0.51,7.736,0,0,0,1,0,0
"ghana",2004,0,"0","3",2982.8875,0.517,6.757,0,0,0,1,0,0
"ghana",2005,0,"0","3",3075.9626,0.529,5.814,0,0,0,1,0,0
"ghana",2006,0,"0","3",3187.5764,0.537,4.9,0,0,0,1,0,0
"ghana",2007,0,"0","3",3240.5925,0.547,5.121,0,0,0,1,0,0
"ghana",2008,55,"1","3",3447.2747,0.558,5.143,0,0,0,1,0,0
"ghana",2009,0,"0","3",3523.7893,0.563,5.379,0,0,0,1,0,0
"ghana",2010,0,"0","3",3709.3958,0.571,5.38,0,0,0,1,0,0
"ghana",2011,0,"0","3",4128.56,0.579,4.191,0,0,0,1,0,0
"ghana",2012,0,"0","3",4402.546,0.583,3.102,0,0,0,1,0,0
"ghana",2013,0,"0","3",4610.028,0.587,2.17,0,0,0,1,0,0
"ghana",2014,0,"0","3",4628.9014,0.582,4.387,0,1,2,1,1,0
"ghana",2015,0,"0","2",4616.6196,0.586,6.81,0,0,0,1,0,0
"ghana",2016,0,"0","2",4662.011,0.586,5.295,0,1,2,1,1,0
"ghana",2017,0,"0","2",4929.568,0.585,3.37,0,0,0,1,0,0
"ghana",2018,0,"0","2",5125.2495,0.589,3.254,2,0,1,1,2,1
"ghana",2019,0,"0","2",5345.9414,0.599,3.17,3,0,1,1,3,0
"ghana",2020,0,"0","2",5263.5264,0.601,3.419,9,1,1,1,10,0
"guinea",2000,273,"1","1",1685.2764,0.345,4.612,12,0,1,1,12,1
"guinea",2001,430,"1","1",1724.4355,0.352,4.615,0,0,0,1,0,0
"guinea",2002,0,"0","1",1785.5734,0.363,4.55,0,0,0,1,0,0
"guinea",2003,0,"0","1",1767.791,0.37,4.678,0,0,0,1,0,0
"guinea",2004,0,"0","1",1771.0453,0.377,4.814,0,0,0,1,0,0
"guinea",2005,0,"0","1",1788.3896,0.387,4.999,0,1,2,1,1,0
"guinea",2006,0,"0","1",1772.715,0.394,5.071,0,0,0,1,0,0
"guinea",2007,45,"1","1",1850.6372,0.402,4.891,0,0,0,1,0,0
"guinea",2008,0,"0","0",1881.2698,0.408,4.894,0,0,0,1,0,0
"guinea",2009,160,"1","0",1815.3158,0.41,5.085,0,0,0,1,0,0
"guinea",2011,25,"1","1",1912.8179,0.421,5.246,0,0,0,1,0,0
"guinea",2012,0,"0","1",1976.9581,0.425,4.919,0,0,0,1,0,0
"guinea",2013,98,"1","1",2005.382,0.43,5.026,2,0,1,1,2,0
"guinea",2014,0,"0","1",2028.5148,0.436,5.195,0,0,0,1,0,0
"guinea",2015,0,"0","1",2053.1116,0.449,5.379,1,1,2,1,2,0
"guinea",2016,0,"0","1",2217.1094,0.466,5.053,1,0,1,1,1,0
"guinea",2017,0,"0","1",2383.5789,0.467,4.771,0,0,0,1,0,0
"guinea",2018,0,"0","1",2471.719,0.464,4.705,1,1,2,1,2,0
"guinea",2019,0,"0","1",2545.1401,0.47,5.02,0,0,0,1,0,0
"guinea",2020,30,"1","1",2604.1172,0.471,6.064,0,0,0,1,0,0
"kenya",2000,218,"1","1",3303.3264,0.487,2.987,4,0,1,1,4,1
"kenya",2001,171,"1","1",3325.9119,0.49,2.972,5,2,1,1,7,0
"kenya",2002,13,"0","1",3244.1763,0.49,3.029,1,1,2,1,2,0
"kenya",2003,0,"0","2",3241.6746,0.501,2.955,2,0,1,1,2,0
"kenya",2004,3,"0","2",3306.79,0.513,2.915,0,0,0,1,0,0
"kenya",2005,126,"1","2",3399.404,0.521,2.757,2,0,1,1,2,0
"kenya",2006,111,"1","2",3513.3484,0.531,2.66,2,0,1,1,2,0
"kenya",2007,169,"1","1",3644.335,0.54,2.615,12,0,1,1,12,0
"kenya",2008,733,"1","1",3545.5935,0.546,2.771,10,1,1,1,11,0
"kenya",2009,124,"1","1",3555.9883,0.546,2.865,1,0,1,1,1,0
"kenya",2010,55,"1","1",3735.793,0.545,2.831,12,0,1,1,12,0
"kenya",2011,98,"1","1",3824.1975,0.552,2.692,35,7,1,1,42,0
"kenya",2012,265,"1","1",3899.167,0.557,2.659,72,8,1,1,80,0
"kenya",2013,212,"1","2",3950.8813,0.562,2.778,72,8,1,1,80,0
"kenya",2014,244,"1","2",4055.1133,0.569,2.782,103,12,1,1,115,0
"kenya",2015,350,"1","2",4163.925,0.575,2.771,55,15,1,1,70,0
"kenya",2016,88,"1","2",4244.8574,0.586,2.76,56,9,1,1,65,0
"kenya",2017,144,"1","1",4312.9087,0.591,3.56,92,5,1,1,97,0
"kenya",2018,103,"1","1",4464.813,0.598,4.296,47,5,1,1,52,0
"kenya",2019,158,"1","1",4601.2114,0.604,5.01,47,3,1,1,50,0
"kenya",2020,99,"1","1",4497.363,0.599,5.628,60,6,1,1,66,0
"lesotho",2000,0,"0","0",1713.7051,0.456,16.209,0,0,0,0,0,0
"lesotho",2001,0,"0","0",1773.9918,0.452,16.071,0,0,0,0,0,0
"lesotho",2002,0,"0","1",1788.567,0.449,16.058,0,0,0,0,0,0
"lesotho",2003,0,"0","2",1874.348,0.45,16.015,0,0,0,0,0,0
"lesotho",2004,0,"0","2",1913.4095,0.448,16.15,0,0,0,0,0,0
"lesotho",2005,0,"0","2",1987.7,0.447,15.965,0,0,0,0,0,0
"lesotho",2006,0,"0","2",2072.4565,0.444,15.993,1,0,1,0,1,1
"lesotho",2007,0,"0","2",2151.9717,0.45,15.826,0,0,0,0,0,0
"lesotho",2008,0,"0","2",2257.6885,0.453,15.691,0,0,0,0,0,0
"lesotho",2009,0,"0","2",2213.676,0.457,16.071,1,0,1,0,1,0
"lesotho",2010,0,"0","2",2314.6868,0.47,16.001,0,0,0,0,0,0
"lesotho",2011,0,"0","2",2403.7998,0.478,16.069,0,0,0,0,0,0
"lesotho",2012,0,"0","2",2534.8594,0.489,15.555,0,0,0,0,0,0
"lesotho",2013,0,"0","2",2556.3835,0.494,15.791,0,0,0,0,0,0
"lesotho",2014,0,"0","2",2573.6758,0.5,15.993,0,0,0,0,0,0
"lesotho",2015,0,"0","2",2624.915,0.508,16.222,1,0,1,0,1,0
"lesotho",2016,0,"0","2",2687.4863,0.518,16.097,0,0,0,0,0,0
"lesotho",2017,0,"0","2",2571.074,0.522,16.447,0,0,0,0,0,0
"lesotho",2018,0,"0","2",2501.43,0.525,16.675,0,0,0,0,0,0
"lesotho",2019,0,"0","2",2435.2864,0.528,16.88,0,0,0,0,0,0
"lesotho",2020,0,"0","2",2225.253,0.53,18.456,0,0,0,0,0,0
"liberia",2000,101,"1","1",1725.1449,0.434,1.931,1,0,1,1,1,1
"liberia",2001,461,"1","1",1724.0597,0.44,2.023,3,0,1,1,3,0
"liberia",2002,2259,"1","1",1742.7892,0.446,2.138,3,0,1,1,3,0
"liberia",2003,3281,"1","0",1207.7261,0.422,2.45,2,0,1,1,2,0
"liberia",2004,0,"0","0",1224.5718,0.435,2.455,0,0,0,1,0,0
"liberia",2005,0,"0","0",1232.4569,0.439,2.445,0,0,0,1,0,0
"liberia",2006,0,"0","2",1258.7299,0.443,2.282,0,0,0,1,0,0
"liberia",2007,0,"0","2",1311.4453,0.448,2.233,0,0,0,1,0,0
"liberia",2008,0,"0","2",1349.0282,0.453,2.221,1,0,1,1,1,0
"liberia",2009,0,"0","2",1376.4531,0.456,2.243,0,0,0,1,0,0
"liberia",2010,0,"0","2",1418.6758,0.46,2.27,0,0,0,1,0,0
"liberia",2011,0,"0","2",1475.8392,0.464,2.212,0,0,0,1,0,0
"liberia",2012,0,"0","2",1538.4072,0.469,2.143,0,1,2,1,1,0
"liberia",2013,0,"0","2",1635.9583,0.474,2.078,0,0,0,1,0,0
"liberia",2014,0,"0","2",1613.8655,0.472,2.08,1,0,1,1,1,0
"liberia",2015,0,"0","2",1581.055,0.472,2.555,0,0,0,1,0,0
"liberia",2016,0,"0","2",1525.458,0.478,3.08,0,0,0,1,0,0
"liberia",2017,0,"0","2",1533.4113,0.481,3.065,0,1,2,1,1,0
"liberia",2018,0,"0","2",1521.7335,0.484,3.055,0,0,0,1,0,0
"liberia",2019,0,"0","2",1455.6377,0.485,3.067,1,0,1,1,1,0
"liberia",2020,0,"0","2",1383.8281,0.483,4.124,0,0,0,1,0,0
"madagascar",2000,0,"0","2",1569.6213,0.438,5.8,0,0,0,1,0,0
"madagascar",2001,0,"0","1",1614.3857,0.445,5.35,0,0,0,1,0,0
"madagascar",2002,79,"1","1",1372.8085,0.442,5.656,5,0,1,1,5,1
"madagascar",2003,0,"0","1",1463.5679,0.451,5.01,0,0,0,1,0,0
"madagascar",2004,0,"0","1",1496.0701,0.459,4.007,0,0,0,1,0,0
"madagascar",2005,0,"0","1",1522.0697,0.464,2.62,0,0,0,1,0,0
"madagascar",2006,0,"0","1",1557.967,0.469,2.944,1,0,1,1,1,0
"madagascar",2007,0,"0","1",1599.4363,0.477,3.173,0,0,0,1,0,0
"madagascar",2008,0,"0","2",1657.8236,0.485,3.363,0,0,0,1,0,0
"madagascar",2009,113,"1","0",1546.3707,0.488,3.861,1,0,1,1,1,0
"madagascar",2010,0,"0","0",1511.9867,0.488,4.28,0,0,0,1,0,0
"madagascar",2011,0,"0","0",1493.4425,0.49,2.547,0,1,2,1,1,0
"madagascar",2012,0,"0","0",1497.0095,0.492,0.6,1,0,1,1,1,0
"madagascar",2013,0,"0","0",1491.0741,0.494,0.999,2,0,1,1,2,0
"madagascar",2014,0,"0","1",1500.9106,0.497,1.388,1,0,1,1,1,0
"madagascar",2015,0,"0","1",1508.3744,0.499,1.79,0,0,0,1,0,0
"madagascar",2016,0,"0","1",1528.5618,0.501,1.769,1,0,1,1,1,0
"madagascar",2017,0,"0","1",1548.1564,0.502,1.764,0,0,0,1,0,0
"madagascar",2018,0,"0","1",1557.3225,0.502,1.765,0,0,0,1,0,0
"madagascar",2019,0,"0","1",1585.4717,0.498,1.762,0,0,0,1,0,0
"madagascar",2020,0,"0","2",1436.2069,0.486,2.21,0,0,0,1,0,0
"malawi",2000,0,"0","1",1116.4922,0.378,5.07,0,0,0,0,0,0
"malawi",2001,0,"0","1",1036.0878,0.386,5.299,0,0,0,0,0,0
"malawi",2002,0,"0","1",1028.1575,0.394,5.335,1,0,1,0,1,1
"malawi",2003,0,"0","1",1059.5359,0.402,5.225,0,0,0,0,0,0
"malawi",2004,0,"0","1",1087.8655,0.41,4.961,0,0,0,0,0,0
"malawi",2005,0,"0","1",1093.1008,0.417,4.923,0,0,0,0,0,0
"malawi",2006,0,"0","1",1112.8373,0.426,4.947,0,0,0,0,0,0
"malawi",2007,0,"0","1",1185.5836,0.433,4.846,0,0,0,0,0,0
"malawi",2008,0,"0","1",1239.9622,0.442,4.745,0,0,0,0,0,0
"malawi",2009,0,"0","1",1304.7587,0.452,4.663,0,0,0,0,0,0
"malawi",2010,0,"0","2",1354.7054,0.461,4.724,0,0,0,0,0,0
"malawi",2011,0,"0","2",1381.3896,0.469,4.787,0,0,0,0,0,0
"malawi",2012,0,"0","2",1368.3232,0.476,4.94,0,0,0,0,0,0
"malawi",2013,0,"0","2",1402.4337,0.484,4.98,0,0,0,0,0,0
"malawi",2014,0,"0","2",1440.5837,0.493,4.958,0,0,0,0,0,0
"malawi",2015,0,"0","2",1440.6184,0.498,4.935,0,0,0,0,0,0
"malawi",2016,0,"0","2",1437.0421,0.501,5,0,0,0,0,0,0
"malawi",2017,0,"0","2",1454.7775,0.506,5.041,1,0,1,0,1,0
"malawi",2018,0,"0","2",1478.4248,0.509,4.999,1,1,2,0,2,0
"malawi",2019,0,"0","1",1517.7031,0.514,4.924,4,1,1,0,5,0
"malawi",2020,0,"0","2",1489.6014,0.512,5.736,0,0,0,0,0,0
"mali",2000,0,"0","2",1585.348,0.315,1.397,0,0,0,1,0,0
"mali",2001,0,"0","2",1774.6824,0.327,1.279,0,0,0,1,0,0
"mali",2002,0,"0","2",1773.3451,0.336,1.321,0,0,0,1,0,0
"mali",2003,0,"0","2",1873.9889,0.348,1.197,0,0,0,1,0,0
"mali",2004,0,"0","2",1842.0564,0.355,1.402,0,0,0,1,0,0
"mali",2005,12,"0","2",1898.6237,0.364,1.351,1,0,1,1,1,1
"mali",2006,0,"0","2",1922.5261,0.373,1.429,0,0,0,1,0,0
"mali",2007,3,"0","2",1925.0635,0.381,1.401,5,0,1,1,5,0
"mali",2008,106,"1","2",1951.7738,0.39,1.436,8,1,1,1,9,0
"mali",2009,124,"1","2",1980.0592,0.398,1.438,6,0,1,1,6,0
"mali",2010,28,"1","2",2018.6014,0.406,1.412,1,0,1,1,1,0
"mali",2011,1,"0","2",2017.1442,0.411,1.444,4,0,1,1,4,0
"mali",2012,328,"1","1",1942.7395,0.407,1.555,18,1,1,1,19,0
"mali",2013,830,"1","1",1930.135,0.404,1.622,56,2,1,1,58,0
"mali",2014,280,"1","2",2002.3729,0.41,1.55,66,3,1,1,69,0
"mali",2015,214,"1","2",2060.0986,0.409,1.426,111,10,1,1,121,0
"mali",2016,156,"1","2",2112.187,0.407,1.37,91,9,1,1,100,0
"mali",2017,517,"1","2",2153.8457,0.413,1.496,124,18,1,1,142,0
"mali",2018,1267,"1","1",2185.5757,0.417,1.62,157,7,1,1,164,0
"mali",2019,1157,"1","1",2219.0466,0.421,2.345,133,6,1,1,139,0
"mali",2020,1477,"1","0",2123.8281,0.407,3.53,131,7,1,1,138,0
"mauritania",2000,0,"0","1",4170.9,0.461,10.019,0,0,0,0,0,0
"mauritania",2001,0,"0","1",4037.4492,0.462,10.15,0,0,0,0,0,0
"mauritania",2002,0,"0","1",4006.3625,0.465,10.244,0,0,0,0,0,0
"mauritania",2003,0,"0","1",4192.377,0.47,9.878,0,0,0,0,0,0
"mauritania",2004,0,"0","1",4296.5425,0.48,9.704,1,0,1,0,1,1
"mauritania",2005,0,"0","0",4562.7295,0.485,9.481,1,0,1,0,1,0
"mauritania",2006,0,"0","0",5278.545,0.495,9.139,0,0,0,0,0,0
"mauritania",2007,4,"0","1",5055.986,0.495,9.353,0,0,0,0,0,0
"mauritania",2008,0,"0","0",4914.832,0.495,9.649,1,1,2,0,2,0
"mauritania",2009,1,"0","1",4787.4497,0.505,10.288,4,1,1,0,5,0
"mauritania",2010,1,"0","1",4773.7505,0.508,10.138,1,0,1,0,1,0
"mauritania",2011,0,"0","1",4825.086,0.513,9.995,2,1,1,0,3,0
"mauritania",2012,0,"0","1",4885.69,0.522,9.86,0,0,0,0,0,0
"mauritania",2013,0,"0","1",4943.231,0.53,9.917,0,0,0,0,0,0
"mauritania",2014,0,"0","1",5020.135,0.532,10.021,0,0,0,0,0,0
"mauritania",2015,0,"0","1",5151.898,0.536,10.096,0,0,0,0,0,0
"mauritania",2016,0,"0","1",5080.807,0.532,10.304,0,0,0,0,0,0
"mauritania",2017,0,"0","1",5259.063,0.536,10.34,0,0,0,0,0,0
"mauritania",2018,0,"0","1",5367.2144,0.546,10.464,1,0,1,0,1,0
"mauritania",2019,0,"0","1",5392.9326,0.552,10.42,0,0,0,0,0,0
"mauritania",2020,0,"0","1",5236.41,0.539,11.168,0,0,0,0,0,0
"mozambique",2000,0,"0","1",621.2493,0.303,2.839,3,0,1,1,3,1
"mozambique",2001,0,"0","1",683.6903,0.317,2.836,0,0,0,1,0,0
"mozambique",2002,0,"0","1",730.77313,0.325,2.914,0,0,0,1,0,0
"mozambique",2003,0,"0","1",763.43445,0.339,2.848,0,0,0,1,0,0
"mozambique",2004,0,"0","1",804.77856,0.349,2.957,0,0,0,1,0,0
"mozambique",2005,0,"0","1",833.70337,0.359,3.041,0,0,0,1,0,0
"mozambique",2006,0,"0","1",893.13495,0.367,3.023,0,0,0,1,0,0
"mozambique",2007,0,"0","1",936.85205,0.38,3.062,1,0,1,1,1,0
"mozambique",2008,0,"0","1",975.38965,0.391,3.087,0,0,0,1,0,0
"mozambique",2009,0,"0","1",1006.00024,0.4,3.191,0,0,0,1,0,0
"mozambique",2010,0,"0","1",1043.5675,0.407,3.255,0,0,0,1,0,0
"mozambique",2011,0,"0","1",1085.7045,0.412,3.293,0,0,0,1,0,0
"mozambique",2012,0,"0","1",1137.6823,0.418,3.312,1,0,1,1,1,0
"mozambique",2013,42,"1","1",1175.7554,0.432,3.341,18,0,1,1,18,0
"mozambique",2014,30,"1","1",1228.0466,0.438,3.38,22,0,1,1,22,0
"mozambique",2015,0,"0","1",1279.3092,0.445,3.43,5,3,1,1,8,0
"mozambique",2016,55,"1","1",1298.1354,0.448,3.502,69,10,1,1,79,0
"mozambique",2017,0,"0","1",1291.6715,0.45,3.588,14,1,1,1,15,0
"mozambique",2018,170,"1","1",1297.8695,0.458,3.668,63,2,1,1,65,0
"mozambique",2019,594,"1","1",1290.1674,0.465,3.708,127,6,1,1,133,0
"mozambique",2020,1627,"1","1",1237.946,0.467,4.074,203,17,1,1,220,0
"namibia",2000,61,"1","2",6713.0024,0.549,20.3,21,0,1,1,21,1
"namibia",2001,0,"0","2",6655.7505,0.544,21.075,6,0,1,1,6,0
"namibia",2002,0,"0","2",6855.839,0.544,21.626,0,0,0,1,0,0
"namibia",2003,0,"0","2",7046.1475,0.547,22.221,0,0,0,1,0,0
"namibia",2004,0,"0","2",7812.8613,0.551,22.09,0,0,0,1,0,0
"namibia",2005,0,"0","2",7914.733,0.553,22.109,0,0,0,1,0,0
"namibia",2006,0,"0","2",8373.482,0.559,21.78,0,0,0,1,0,0
"namibia",2007,0,"0","2",8714.104,0.567,22.114,0,0,0,1,0,0
"namibia",2008,0,"0","2",8826.273,0.574,21.969,0,0,0,1,0,0
"namibia",2009,0,"0","2",8726.682,0.579,22.303,0,0,0,1,0,0
"namibia",2010,0,"0","2",9115.507,0.584,22.12,0,0,0,1,0,0
"namibia",2011,0,"0","2",9431.044,0.59,19.488,0,0,0,1,0,0
"namibia",2012,0,"0","2",9747.819,0.599,16.77,0,0,0,1,0,0
"namibia",2013,0,"0","2",10122.154,0.61,19.03,0,0,0,1,0,0
"namibia",2014,0,"0","2",10554.564,0.619,18.52,0,0,0,1,0,0
"namibia",2015,0,"0","2",10813.227,0.627,20.752,0,0,0,1,0,0
"namibia",2016,0,"0","2",10627.635,0.631,23.35,0,0,0,1,0,0
"namibia",2017,0,"0","2",10335.268,0.634,21.783,0,0,0,1,0,0
"namibia",2018,0,"0","2",10266.171,0.635,19.88,0,0,0,1,0,0
"namibia",2019,0,"0","2",10009.578,0.638,19.957,0,0,0,1,0,0
"namibia",2020,0,"0","2",9041.77,0.634,21.146,0,0,0,1,0,0
"niger",2000,0,"0","2",909.2826,0.26,1.415,0,0,0,1,0,0
"niger",2001,0,"0","2",942.2325,0.266,1.47,0,0,0,1,0,0
"niger",2002,0,"0","2",954.8401,0.271,1.79,0,0,0,1,0,0
"niger",2003,0,"0","2",941.9697,0.276,2.111,0,0,0,1,0,0
"niger",2004,4,"0","2",912.4313,0.286,2.765,0,0,0,1,0,0
"niger",2005,0,"0","2",944.81244,0.296,3.1,0,0,0,1,0,0
"niger",2006,0,"0","2",965.32074,0.303,2.504,0,0,0,1,0,0
"niger",2007,81,"1","2",960.0562,0.309,1.99,7,0,1,1,7,1
"niger",2008,47,"1","2",996.9867,0.318,1.559,9,0,1,1,9,0
"niger",2009,0,"0","1",979.61694,0.325,1.203,4,0,1,1,4,0
"niger",2010,0,"0","0",1024.6996,0.336,0.707,3,0,1,1,3,0
"niger",2011,3,"0","2",1010.28876,0.344,0.32,2,0,1,1,2,0
"niger",2012,0,"0","2",1075.1053,0.352,2.18,1,0,1,1,1,0
"niger",2013,31,"1","2",1089.8319,0.358,1.412,4,0,1,1,4,0
"niger",2014,0,"0","2",1119.0948,0.363,0.52,4,1,1,1,5,0
"niger",2015,533,"1","2",1124.3676,0.367,0.564,37,4,1,1,41,0
"niger",2016,300,"1","2",1143.8174,0.372,0.56,24,1,1,1,25,0
"niger",2017,177,"1","2",1155.9739,0.377,0.572,13,0,1,1,13,0
"niger",2018,186,"1","2",1193.2727,0.383,0.55,19,0,1,1,19,0
"niger",2019,476,"1","2",1217.4355,0.39,0.548,44,5,1,1,49,0
"niger",2020,835,"1","2",1214.541,0.391,0.657,35,0,1,1,35,0
"nigeria",2003,426,"1","1",3585.9946,0.449,3.566,9,0,1,1,9,0
"nigeria",2004,2088,"1","1",3813.5273,0.461,3.507,6,0,1,1,6,0
"nigeria",2005,162,"1","1",3951.1829,0.468,3.692,9,0,1,1,9,0
"nigeria",2006,200,"1","1",4079.1357,0.475,3.726,37,0,1,1,37,0
"nigeria",2007,100,"1","1",4231.764,0.479,3.791,57,4,1,1,61,0
"nigeria",2008,379,"1","1",4396.801,0.482,3.791,72,4,1,1,76,0
"nigeria",2009,438,"1","1",4622.364,0.486,3.755,40,2,1,1,42,0
"nigeria",2010,888,"1","1",4857.266,0.488,3.731,56,7,1,1,63,0
"nigeria",2011,1821,"1","1",4975.638,0.494,3.77,159,16,1,1,175,0
"nigeria",2012,1951,"1","2",5045.4717,0.499,3.768,556,59,1,1,615,0
"nigeria",2013,3288,"1","2",5238.8325,0.504,3.71,320,27,1,1,347,0
"nigeria",2014,9943,"1","2",5424.9243,0.513,3.878,668,45,1,1,713,0
"nigeria",2015,8500,"1","2",5429.0996,0.52,4.106,584,57,1,1,641,0
"nigeria",2016,3832,"1","2",5209.074,0.526,4.52,497,38,1,1,535,0
"nigeria",2017,3576,"1","2",5120.0054,0.528,4.885,439,49,1,1,488,0
"nigeria",2018,3121,"1","2",5089.778,0.53,5.119,599,51,1,1,650,0
"nigeria",2019,2285,"1","2",5076.368,0.537,5.206,449,58,1,1,507,0
"nigeria",2020,2912,"1","2",4865.087,0.539,5.633,433,45,1,1,478,0
"rwanda",2000,9,"0","0",849.1412,0.328,11.831,1,0,1,1,1,1
"rwanda",2001,2044,"1","0",908.42316,0.346,11.851,1,1,2,1,2,0
"rwanda",2002,0,"0","0",1010.04126,0.367,11.522,0,0,0,1,0,0
"rwanda",2003,12,"0","1",1008.7096,0.385,11.751,0,0,0,1,0,0
"rwanda",2004,43,"1","1",1056.2379,0.403,11.784,0,0,0,1,0,0
"rwanda",2005,0,"0","1",1125.2837,0.421,11.928,1,0,1,1,1,0
"rwanda",2006,22,"0","1",1196.7936,0.44,11.65,0,0,0,1,0,0
"rwanda",2007,11,"0","1",1253.9126,0.454,11.639,0,0,0,1,0,0
"rwanda",2008,31,"1","1",1356.9839,0.465,11.567,1,0,1,1,1,0
"rwanda",2009,12,"0","1",1404.199,0.477,11.676,1,0,1,1,1,0
"rwanda",2010,0,"0","1",1468.4058,0.485,11.682,8,0,1,1,8,0
"rwanda",2011,0,"0","1",1545.1144,0.493,11.801,2,0,1,1,2,0
"rwanda",2012,124,"1","1",1637.8477,0.501,11.703,6,0,1,1,6,0
"rwanda",2013,257,"1","1",1674.8248,0.502,11.8,4,0,1,1,4,0
"rwanda",2014,0,"0","1",1736.3374,0.507,11.866,2,0,1,1,2,0
"rwanda",2015,0,"0","1",1845.5582,0.509,11.853,0,0,0,1,0,0
"rwanda",2016,27,"1","1",1908.552,0.518,11.799,0,1,2,1,1,0
"rwanda",2017,2,"0","1",1934.9729,0.52,11.88,2,0,1,1,2,0
"rwanda",2018,12,"0","1",2049.6235,0.522,10.76,5,0,1,1,5,0
"rwanda",2019,25,"1","1",2190.562,0.531,11.24,3,0,1,1,3,0
"rwanda",2020,6,"0","1",2066.4717,0.535,11.83,1,0,1,1,1,0
"senegal",2000,47,"1","2",2620.098,0.388,5.298,4,0,1,1,4,1
"senegal",2001,33,"1","2",2668.7659,0.395,5.366,7,1,1,1,8,0
"senegal",2002,25,"1","2",2606.8772,0.399,5.65,3,0,1,1,3,0
"senegal",2003,39,"1","2",2685.8152,0.407,6.709,0,0,0,1,0,0
"senegal",2004,0,"0","2",2741.124,0.414,7.83,0,0,0,1,0,0
"senegal",2005,45,"1","2",2787.5269,0.421,8.659,1,0,1,1,1,0
"senegal",2006,124,"1","2",2779.2239,0.429,10.03,0,0,0,1,0,0
"senegal",2007,0,"0","2",2783.537,0.442,10.184,1,0,1,1,1,0
"senegal",2008,0,"0","2",2811.4758,0.454,10.237,2,0,1,1,2,0
"senegal",2009,0,"0","2",2812.549,0.461,10.201,3,0,1,1,3,0
"senegal",2010,0,"0","2",2830.1533,0.47,10.153,1,0,1,1,1,0
"senegal",2011,25,"1","2",2790.8975,0.483,10.36,4,0,1,1,4,0
"senegal",2012,0,"0","2",2824.533,0.491,9.471,12,0,1,1,12,0
"senegal",2013,0,"0","2",2815.2815,0.497,8.764,3,0,1,1,3,0
"senegal",2014,0,"0","2",2910.2888,0.501,7.653,2,0,1,1,2,0
"senegal",2015,0,"0","2",3012.3833,0.501,6.76,2,0,1,1,2,0
"senegal",2016,0,"0","2",3118.0244,0.51,4.46,0,0,0,1,0,0
"senegal",2017,0,"0","2",3259.1926,0.511,4.08,0,0,0,1,0,0
"senegal",2018,0,"0","2",3368.8586,0.515,3.57,3,0,1,1,3,0
"senegal",2019,0,"0","2",3430.484,0.514,2.86,1,0,1,1,1,0
"senegal",2020,0,"0","2",3384.442,0.514,3.339,0,0,0,1,0,0
"sierra leone",2000,833,"1","0",1044.6364,0.319,4.161,24,0,1,1,24,1
"sierra leone",2001,50,"1","0",923.354,0.33,4.269,0,0,0,1,0,0
"sierra leone",2002,1,"0","1",1103.9404,0.346,3.911,0,0,0,1,0,0
"sierra leone",2003,0,"0","2",1161.0211,0.355,3.88,0,0,0,1,0,0
"sierra leone",2004,0,"0","2",1195.4856,0.363,3.42,0,0,0,1,0,0
"sierra leone",2005,0,"0","2",1214.6039,0.369,3.786,0,0,0,1,0,0
"sierra leone",2006,0,"0","2",1239.0608,0.371,3.981,0,0,0,1,0,0
"sierra leone",2007,0,"0","2",1308.7482,0.392,4.097,0,0,0,1,0,0
"sierra leone",2008,0,"0","2",1345.5233,0.403,4.219,0,0,0,1,0,0
"sierra leone",2009,0,"0","2",1351.2194,0.411,4.366,0,0,0,1,0,0
"sierra leone",2010,0,"0","2",1401.3158,0.416,4.538,0,0,0,1,0,0
"sierra leone",2011,0,"0","2",1446.0627,0.424,4.66,0,0,0,1,0,0
"sierra leone",2012,0,"0","1",1622.6504,0.427,4.62,0,0,0,1,0,0
"sierra leone",2013,0,"0","2",1914.9652,0.445,4.532,0,0,0,1,0,0
"sierra leone",2014,0,"0","2",1952.9703,0.447,4.68,0,0,0,1,0,0
"sierra leone",2015,0,"0","2",1515.8308,0.438,4.742,0,0,0,1,0,0
"sierra leone",2016,0,"0","2",1573.5012,0.446,4.458,1,0,1,1,1,0
"sierra leone",2017,0,"0","2",1593.5154,0.448,3.953,3,0,1,1,3,0
"sierra leone",2018,0,"0","2",1610.3232,0.454,3.19,0,0,0,1,0,0
"sierra leone",2019,0,"0","2",1655.8433,0.457,3.199,0,0,0,1,0,0
"sierra leone",2020,0,"0","2",1586.355,0.453,3.565,0,0,0,1,0,0
"south africa",2000,0,"0","3",10598.86,0.633,20.069,18,3,1,1,21,1
"south africa",2001,0,"0","3",10789.051,0.629,19.887,0,0,0,1,0,0
"south africa",2002,0,"0","3",11086.924,0.633,19.781,7,1,1,1,8,0
"south africa",2003,0,"0","3",11308.883,0.629,19.882,0,0,0,1,0,0
"south africa",2004,0,"0","3",11713.88,0.63,19.732,0,0,0,1,0,0
"south africa",2005,0,"0","3",12216.027,0.632,19.608,0,0,0,1,0,0
"south africa",2006,0,"0","3",12776.878,0.637,19.401,0,0,0,1,0,0
"south africa",2007,0,"0","3",13325.982,0.644,19.342,2,0,1,1,2,0
"south africa",2008,0,"0","3",13596.288,0.653,19.51,1,0,1,1,1,0
"south africa",2009,0,"0","3",13228.895,0.665,20.51,0,0,0,1,0,0
"south africa",2010,0,"0","3",13469.361,0.675,23.18,0,0,0,1,0,0
"south africa",2011,0,"0","3",13721.686,0.686,21.42,0,0,0,1,0,0
"south africa",2012,0,"0","3",13864.971,0.696,21.79,4,0,1,1,4,0
"south africa",2013,0,"0","2",14017.411,0.705,22.04,10,3,1,1,13,0
"south africa",2014,0,"0","2",13993.2705,0.714,22.61,19,1,1,1,20,0
"south africa",2015,0,"0","2",13887.211,0.721,22.87,5,0,1,1,5,0
"south africa",2016,0,"0","2",13844.276,0.711,24.02,24,3,1,1,27,0
"south africa",2017,0,"0","2",13950.453,0.725,23.99,25,4,1,1,29,0
"south africa",2018,1,"0","2",13995.0625,0.731,24.22,34,7,1,1,41,0
"south africa",2019,0,"0","2",13850.8955,0.741,25.54,19,4,1,1,23,0
"south africa",2020,0,"0","2",12866.569,0.722,24.34,17,0,1,1,17,0
"sudan",2000,1573,"1","1",4040.612,0.42,14.913,7,0,1,1,7,1
"sudan",2001,910,"1","1",4183.4326,0.428,14.84,7,2,1,1,9,0
"sudan",2002,249,"1","1",4316.2915,0.434,14.747,13,0,1,1,13,0
"sudan",2003,4761,"1","1",4467.122,0.438,14.744,0,0,0,1,0,0
"sudan",2004,8308,"1","1",4571.088,0.441,14.78,5,0,1,1,5,0
"sudan",2005,1313,"1","1",4692.174,0.448,14.786,6,0,1,1,6,0
"sudan",2006,2242,"1","1",4847.588,0.466,14.773,24,0,1,1,24,0
"sudan",2007,948,"1","1",4964.3066,0.472,14.75,23,0,1,1,23,0
"sudan",2008,1102,"1","1",4993.871,0.48,14.8,30,2,1,1,32,0
"sudan",2009,692,"1","1",4707.346,0.489,13,25,1,1,1,26,0
"sudan",2010,1481,"1","1",4745.2974,0.489,15.117,28,0,1,1,28,0
"sudan",2011,732,"1","1",5047.334,0.491,17.44,37,1,1,1,38,0
"sudan",2012,1539,"1","1",4711.0596,0.498,17.971,37,3,1,1,40,0
"sudan",2013,1843,"1","1",4692.278,0.503,18.044,45,1,1,1,46,0
"sudan",2014,1901,"1","1",4776.62,0.511,17.745,155,2,1,1,157,0
"sudan",2015,2522,"1","1",4718.919,0.514,17.055,152,6,1,1,158,0
"sudan",2016,1921,"1","1",4733.0176,0.517,17.001,166,7,1,1,173,0
"sudan",2017,485,"1","1",4613.95,0.52,17.141,103,3,1,1,106,0
"sudan",2018,414,"1","1",4349.21,0.52,17.306,42,0,1,1,42,0
"sudan",2019,480,"1","1",4133.1304,0.521,17.514,26,0,1,1,26,0
"sudan",2020,605,"1","0",3874.8003,0.518,19.208,30,3,1,1,33,0
"tanzania",2000,131,"1","1",1369.5818,0.396,3.152,1,1,2,1,2,0
"tanzania",2001,50,"1","1",1413.8206,0.404,2.99,3,1,1,1,4,1
"tanzania",2002,66,"1","1",1475.0936,0.414,3.007,2,0,1,1,2,0
"tanzania",2003,0,"0","1",1532.2828,0.425,3.027,0,0,0,1,0,0
"tanzania",2004,0,"0","1",1603.2473,0.435,3.079,0,1,2,1,1,0
"tanzania",2005,0,"0","1",1676.0737,0.445,3.177,0,0,0,1,0,0
"tanzania",2006,0,"0","1",1736.2347,0.455,3.3,0,0,0,1,0,0
"tanzania",2007,3,"0","1",1802.5471,0.464,3.02,0,0,0,1,0,0
"tanzania",2008,0,"0","1",1853.8477,0.472,2.778,1,0,1,1,1,0
"tanzania",2009,0,"0","1",1903.3694,0.482,2.5,0,0,0,1,0,0
"tanzania",2010,0,"0","1",1972.3674,0.493,3.047,0,1,2,1,1,0
"tanzania",2011,0,"0","1",2064.0686,0.498,3.47,0,0,0,1,0,0
"tanzania",2012,0,"0","1",2095.2224,0.501,3.232,0,0,0,1,0,0
"tanzania",2013,0,"0","1",2170.9993,0.504,2.93,7,0,1,1,7,0
"tanzania",2014,0,"0","1",2246.345,0.506,2.12,10,1,1,1,11,0
"tanzania",2015,0,"0","1",2306.6675,0.507,2.129,13,1,1,1,14,0
"tanzania",2016,1,"0","1",2381.2224,0.509,2.189,2,1,1,1,3,0
"tanzania",2017,1,"0","1",2457.5693,0.517,2.251,4,2,1,1,6,0
"tanzania",2018,0,"0","1",2511.8293,0.525,2.34,3,0,1,1,3,0
"tanzania",2019,8,"0","1",2578.8403,0.533,2.445,1,0,1,1,1,0
"tanzania",2020,25,"1","1",2552.5469,0.535,2.78,8,0,1,1,8,0
"togo",2000,0,"0","1",1729.7018,0.436,4.152,0,0,0,1,0,0
"togo",2001,0,"0","1",1697.3787,0.439,4.084,0,0,0,1,0,0
"togo",2002,0,"0","1",1716.9135,0.443,4.057,0,0,0,1,0,0
"togo",2003,0,"0","1",1785.1547,0.449,3.898,0,0,0,1,0,0
"togo",2004,0,"0","1",1721.8762,0.448,3.939,0,0,0,1,0,0
"togo",2005,436,"1","1",1599.4586,0.446,4.131,1,0,1,1,1,1
"togo",2006,0,"0","1",1596.3877,0.452,4.23,0,0,0,1,0,0
"togo",2007,0,"0","1",1532.42,0.445,3.834,0,0,0,1,0,0
"togo",2008,0,"0","1",1549.4404,0.452,3.27,0,0,0,1,0,0
"togo",2009,0,"0","1",1588.9647,0.46,2.841,0,0,0,1,0,0
"togo",2010,0,"0","1",1637.652,0.469,2.368,0,0,0,1,0,0
"togo",2011,0,"0","1",1687.6111,0.483,1.98,0,0,0,1,0,0
"togo",2012,0,"0","1",1747.8842,0.487,2.023,0,0,0,1,0,0
"togo",2013,0,"0","1",1802.939,0.495,2.077,0,0,0,1,0,0
"togo",2014,0,"0","1",1856.9048,0.502,2.136,0,0,0,1,0,0
"togo",2015,0,"0","1",1910,0.51,2.2,0,0,0,1,0,0
"togo",2016,0,"0","1",1941.6276,0.515,2.957,0,0,0,1,0,0
"togo",2017,0,"0","1",1970.2148,0.522,3.74,0,0,0,1,0,0
"togo",2018,0,"0","1",2014.9418,0.528,3.759,0,0,0,1,0,0
"togo",2019,0,"0","1",2063.7588,0.536,3.765,0,0,0,1,0,0
"togo",2020,0,"0","1",2058.565,0.54,4.172,0,0,0,1,0,0
"uganda",2000,1199,"1","1",1241.5328,0.392,3.535,19,1,1,1,20,1
"uganda",2001,198,"1","1",1266.7274,0.402,3.527,24,0,1,1,24,0
"uganda",2002,1296,"1","1",1335.1953,0.414,3.5,23,1,1,1,24,0
"uganda",2003,1646,"1","1",1377.952,0.427,3.6,30,0,1,1,30,0
"uganda",2004,2020,"1","1",1428.8488,0.441,2.688,10,0,1,1,10,0
"uganda",2005,935,"1","1",1475.8116,0.451,1.9,11,0,1,1,11,0
"uganda",2006,266,"1","1",1588.0022,0.463,2.252,0,0,0,1,0,0
"uganda",2007,168,"1","1",1671.8218,0.473,2.65,1,0,1,1,1,0
"uganda",2008,7,"0","1",1764.9932,0.481,3.007,7,0,1,1,7,0
"uganda",2009,40,"1","1",1830.8717,0.491,3.6,1,1,2,1,2,0
"uganda",2010,75,"1","1",1878.5209,0.5,3.632,4,2,1,1,6,0
"uganda",2011,1,"0","1",1996.0656,0.504,3.512,0,0,0,1,0,0
"uganda",2012,25,"1","1",2013.5464,0.504,3.55,4,0,1,1,4,0
"uganda",2013,28,"1","1",2026.6228,0.511,1.91,0,0,0,1,0,0
"uganda",2014,0,"0","1",2067.7954,0.518,2.429,5,1,1,1,6,0
"uganda",2015,0,"0","1",2108.8604,0.525,2.793,7,3,1,1,10,0
"uganda",2016,48,"1","1",2137.2073,0.531,3.149,11,4,1,1,15,0
"uganda",2017,35,"1","1",2128.397,0.534,3.64,5,8,2,1,13,0
"uganda",2018,0,"0","1",2186.9072,0.539,3.382,9,1,1,1,10,0
"uganda",2019,3,"0","1",2250.015,0.544,3.109,4,0,1,1,4,0
"uganda",2020,4,"0","1",2240.4902,0.545,3.812,4,1,1,1,5,0
"zambia",2000,1,"0","1",2096.4905,0.418,12.93,8,0,1,1,8,1
"zambia",2001,0,"0","1",2142.7876,0.426,13.376,0,0,0,1,0,0
"zambia",2002,36,"1","1",2171.9312,0.434,14.133,1,0,1,1,1,0
"zambia",2003,0,"0","1",2252.1152,0.448,14.701,0,0,0,1,0,0
"zambia",2004,0,"0","1",2335.0698,0.459,15.337,0,0,0,1,0,0
"zambia",2005,0,"0","1",2422.435,0.472,15.9,0,0,0,1,0,0
"zambia",2006,0,"0","2",2525.0977,0.484,13.225,0,0,0,1,0,0
"zambia",2007,0,"0","2",2641.0315,0.495,10.552,0,0,0,1,0,0
"zambia",2008,0,"0","2",2746.4905,0.506,7.93,0,0,0,1,0,0
"zambia",2009,0,"0","2",2894.964,0.519,10.589,0,0,0,1,0,0
"zambia",2010,0,"0","2",3083.3552,0.528,13.19,0,0,0,1,0,0
"zambia",2011,0,"0","2",3146.8445,0.534,10.554,0,0,0,1,0,0
"zambia",2012,0,"0","2",3275.9683,0.548,7.85,0,0,0,1,0,0
"zambia",2013,0,"0","1",3330.877,0.554,8.063,0,0,0,1,0,0
"zambia",2014,0,"0","1",3375.9412,0.557,8.137,0,0,0,1,0,0
"zambia",2015,0,"0","1",3365.3792,0.563,8.34,0,0,0,1,0,0
"zambia",2016,0,"0","1",3384.268,0.564,8.431,0,0,0,1,0,0
"zambia",2017,0,"0","1",3395.4797,0.568,8.52,1,1,2,1,2,0
"zambia",2018,0,"0","1",3425.949,0.571,5.03,0,0,0,1,0,0
"zambia",2019,0,"0","1",3372.359,0.574,5.54,0,0,0,1,0,0
"zambia",2020,0,"0","1",3183.651,0.569,6.03,0,0,0,1,0,0
"zimbabwe",2000,0,"0","1",2750.6013,0.426,5.683,1,0,1,0,1,1
"zimbabwe",2001,0,"0","1",2772.3252,0.416,5.297,3,0,1,0,3,0
"zimbabwe",2002,0,"0","1",2510.229,0.427,4.994,8,0,1,0,8,0
"zimbabwe",2003,0,"0","1",2067.8804,0.414,4.743,1,0,1,0,1,0
"zimbabwe",2004,0,"0","1",1934.1647,0.419,4.39,0,0,0,0,0,0
"zimbabwe",2005,0,"0","1",1814.1744,0.42,4.665,0,0,0,0,0,0
"zimbabwe",2006,0,"0","1",1736.3583,0.422,4.802,1,0,1,0,1,0
"zimbabwe",2007,0,"0","1",1656.7892,0.423,5.073,1,0,1,0,1,0
"zimbabwe",2008,253,"1","1",1353.2074,0.42,5.543,5,0,1,0,5,0
"zimbabwe",2009,0,"0","1",1500.3798,0.454,5.617,0,0,0,0,0,0
"zimbabwe",2010,0,"0","1",1799.5403,0.481,5.542,1,0,1,0,1,0
"zimbabwe",2011,0,"0","1",2033.1814,0.502,5.37,1,0,1,0,1,0
"zimbabwe",2012,0,"0","1",2310.8071,0.522,5.02,0,0,0,0,0,0
"zimbabwe",2013,0,"0","1",2333.6445,0.532,4.932,3,0,1,0,3,0
"zimbabwe",2014,0,"0","1",2316.9546,0.539,4.77,1,0,1,0,1,0
"zimbabwe",2015,0,"0","1",2313.8787,0.544,5.412,0,0,0,0,0,0
"zimbabwe",2016,0,"0","1",2286.6235,0.547,5.918,0,0,0,0,0,0
"zimbabwe",2017,0,"0","1",2331.7808,0.552,6.349,3,0,1,0,3,0
"zimbabwe",2018,0,"0","1",2399.6216,0.564,6.767,1,1,2,0,2,0
"zimbabwe",2019,0,"0","1",2203.3967,0.56,7.37,2,0,1,0,2,0
"zimbabwe",2020,0,"0","1",1990.3195,0.554,8.651,1,0,1,0,1,0
